"ID","영역","기능/품질 이름","요구사항","완료 확인 기준","담당 역할","요구 합의","구현 상태","현재 구현·부족한 점","시간·수치·조건","근거","담당자(입력)","수정·추가 의견(입력)","팀 최종 결정(입력)"
"ACCOUNT-01","가입","이름·나이·직업 입력","가입 정보와 사용자 식별자를 연결한다.","필수값 누락 방지; 저장한 프로필 재조회","BE·FE","합의","부분 구현","로컬 프로필만 저장, 실제 회원가입·인증 없음","입력 길이·나이 범위는 임시","docs/team-requirements.md §4; ServiceApp.tsx","","",""
"ACCOUNT-02","로그인","사용자 인증","인증 성공·실패를 구분하고 사용자별 자료를 조회한다.","다른 사용자의 기록 접근 불가","BE·FE","협의 필요","미구현","고정 발표 계정은 선택 옵션; 현재 비밀번호 없는 로컬 진입","인증·만료·분실 복구 정책 미정","docs/team-requirements.md §3,7","","",""
"CAMERA-01","공통 준비","로그인 후 카메라 준비","최초·재방문 모두 공통 카메라 준비를 시작한다.","준비 지연·거부에도 홈/기록 접근 가능","FE","합의","부분 구현","로컬 진입 후 카메라 요청; 실제 로그인 연동 대기","대기 제한은 TIME-12","docs/team-requirements.md §4; ServiceApp.tsx","","",""
"CAMERA-03","준비 안내","권한·장치·영상 상태 구분","허용 요청, 거부, 장치 없음, 준비 중 상태를 설명한다.","빈 검은 화면 대신 상태/해결 동작 제공","FE","합의","부분 구현","기존 카메라 오류/준비 화면 재사용; 장치 실검증 필요","TIME-12","hooks/useCamera.ts; pages/SetupPage.tsx","","",""
"CAMERA-02","공통 카메라","사용 상태와 종료","홈에서도 연결 유지, 사용 중 표시·끄기 제공; 나가기 시 해제","카메라 켜짐만으로 측정 기록 생성 안 됨","FE","합의","로컬 구현","공통 카메라 수명과 끄기 버튼 구현","카메라 재연결 시 기준 재확인","ServiceApp.tsx","","",""
"BASELINE-01A","최초 등록","등록 여부 분기","유효한 개인 기준이 없으면 등록 안내, 있으면 홈","등록 완료 여부와 실제 사용 가능 기준 일치","모델·BE·FE","합의","부분 구현","프로필 존재로 임시 분기; 영구 기준/등록 상태 연결 미완료","등록 완료 저장 계약 필요","docs/team-requirements.md §3,4","","",""
"BASELINE-01B","최초 등록","기준·잘못된 예시 촬영","기준 자세와 잘못된 예시 촬영·확인·재촬영·완료","완료 후 홈; 예시 저장과 모델 학습 완료를 혼동하지 않음","모델·BE·FE","합의","부분 구현","현재 연결 기준만 수집; 잘못된 예시 서비스 등록 미연결","예시 개수·형식·활용 미정","docs/team-requirements.md §4,7","","",""
"BASELINE-02","기준 안내","사용자 기준 안내","촬영 가능 여부만 확인하고 건강한 정자세를 인증하지 않는다.","화면 설명에서 개인 기준과 건강 판정 구분","모델·FE","합의","부분 구현","규칙 비교/LSTM 미연결 표시; 전체 문구 점검 필요","의학적 적합성 평가 없음","docs/team-requirements.md §1,4","","",""
"BASELINE-03","재등록","취소 가능한 기준 교체","기존 기준 보존, 새 기준 전체 완료 후 교체; 실패·취소 시 복원","기존 자료 소실 없이 재등록 취소 가능","모델·BE·FE","합의","미구현","다시 보정 버튼은 있으나 임시 기준/버전 교체 없음","다음 측정 적용; 버전 표시 협의","docs/team-requirements.md §4","","",""
"PREPARE-01","측정 준비","미리보기·체크·기준 수집","카메라·권한·상체 촬영 조건을 보여주고 기준 수집 후 시작 버튼 제공","조건 충족 전 시작 방지; 시작은 사용자 클릭","모델·FE","합의","기반 구현","실제 기준 수집과 합성 준비를 구분","TIME-01,02,03","pages/SetupPage.tsx; hooks/useCamera.ts","","",""
"HOME-01","홈","첫 사용 빈 상태","실제 기록이 없으면 빈 그래프 안내와 측정 시작 제공","가짜 과거 실적·개선율을 표시하지 않음","FE","합의","로컬 구현","로컬 저장 기록 기반 빈 상태/막대 표시","기존 목표·연속기록·종합점수 보류","ServiceApp.tsx","","",""
"MEASURE-01","측정","현재 상태와 누적 통계","현재 판정·유효 시간·유지율·사건·자세 특징 표시","전체 시간/기준 유지 시간/제외 시간 명칭 구분","모델·FE","합의","기반 구현","기존 규칙 엔진/특징 화면 재사용","TIME-04,05,06","pages/SessionPage.tsx; lib/engine.ts","","",""
"MEASURE-02","점수","과장된 신뢰도 제거","검출 신뢰도 백분율 제거; 점수는 개인 기준과의 유사도 안내","LSTM 확률·건강 점수로 표시하지 않음","모델·FE","합의","로컬 구현","신뢰도 수치 제거, reference rules/LSTM 미연결 표시","TIME-07","pages/SessionPage.tsx","","",""
"SESSION-01","화면 이동","내부 이동 일시정지","다른 앱 내부 화면으로 가면 일시정지·세션 보존","복귀 후 직접 재개; 세션 중복 생성 없음","FE","합의","로컬 구현","측정 컴포넌트 유지, 내부 이동 시 정지","TIME-08","ServiceApp.tsx; pages/SessionPage.tsx","","",""
"SESSION-02","외부 탭","탭 전환만으로 정지 안 함","다른 크롬 탭에서도 실제 입력이 지속되는 동안 측정","탭 전환 이벤트 제거뿐 아니라 실제 관측 지속 검증","모델·FE","합의","부분 구현","서비스 숨김 자동정지 제거; 실제 브라우저 관측 미검증","TIME-08; NFR-04","hooks/useCamera.ts; hooks/useSession.ts","","",""
"SESSION-03","입력 단절","공백 제외·수동 재개","입력 단절 시 정지, 복구돼도 자동 재개하지 않음","관측 공백은 유지율·연속 이탈에 합산하지 않음","모델·FE","합의","로컬 구현","입력/타이머 공백 감지 및 준비 후 재개","TIME-08","pages/SessionPage.tsx; lib/engine.ts","","",""
"SESSION-04","재접속","중간 기록 복구","새로고침 후 마지막 저장 지점 이어하기/종료하기 제공","저장하지 못한 시간을 복원했다고 표시하지 않음","BE·FE","합의","부분 구현","로컬 중간 저장과 수동 복구; 서버 복구 미연결","TIME-09","ServiceApp.tsx; lib/serviceStore.ts","","",""
"RESULT-01","종료","결과 보존·저장 상태","측정 종료 시 집계 중지, 이번 결과·저장 상태 표시","저장 실패에도 결과 화면 유지","BE·FE","합의","부분 구현","로컬 결과 저장; 서버 저장 미연결","TIME-10","ServiceApp.tsx; pages/SessionPage.tsx","","",""
"RESULT-02","저장 실패","자동·수동 재시도","같은 세션 ID로 재시도, 성공 전 새 측정으로 덮어쓰지 않음","재시도해도 결과 한 건; 완료는 실제 저장 성공 후","BE·FE","합의","부분 구현","로컬 중복 방지/재시도; 서버 멱등 계약 필요","TIME-10","ServiceApp.tsx; lib/serviceStore.test.ts","","",""
"RESULT-03","통계 갱신","저장 성공 즉시 화면 반영","종료 결과 저장 성공 시 홈·대시보드 공유 자료 갱신","화면 다시 열기나 주기 조회를 기다리지 않음","BE·FE","합의","부분 구현","로컬 공통 기록 갱신; 서버 응답 요약 계약 대기","TIME-11","docs/team-requirements.md §6; ServiceApp.tsx","","",""
"RESULT-04","조회","조회와 저장 실패 분리","최초/새로고침 조회, 평소 이동은 캐시; 요약만 실패하면 조회만 재시도","저장 성공을 요약 실패 때문에 저장 실패로 표시하지 않음","BE·FE","합의","부분 구현","로컬 최초 읽기/상태 공유; API 오류 분리 미구현","TIME-11,12","docs/team-requirements.md §6","","",""
"DASHBOARD-01","기록","자료 있는 기간만 표시","미측정 날짜는 0%로 생성하지 않으며 실제/합성 결과 구분","새 사용자에게 과거 기록 없음; 합성 결과 실제 통계에 미혼합","BE·FE","합의","부분 구현","모드별 로컬 기록/유지율; 날짜별 집계·자정 분할 미정","TIME-13","ServiceApp.tsx; docs/team-requirements.md §6","","",""
"STATS-01","집계","유지율·사건수 정의","유효=전체-정지-불가; 유지율=유지/유효; 세션 통합은 시간 가중","유효0은 계산불가, 사건수와 재알림수 구분","모델·BE·FE","합의","기반 구현","공통 엔진과 가중 통계 테스트","NFR-02","lib/engine.ts; lib/serviceStore.test.ts","","",""
"SETTINGS-01","개인 설정","다음 측정에 적용","지속시간·재알림·민감도 저장; 진행 중 세션 설정 고정","변경 전 세션 결과가 새 설정으로 재해석되지 않음","모델·BE·FE","합의","부분 구현","로컬 설정 및 시작시 복사; 서버·기준 버전 대기","TIME-04,05,06,07","ServiceApp.tsx; pages/SettingsPage.tsx","","",""
"ALERT-01","교정 알림","우측 하단 토스트","이탈 확정/재알림 시 잠깐 표시 후 자동 닫음","매 프레임 생성하지 않고 사건 기록은 유지","FE","합의","로컬 구현","토스트3초; 별도 벨/알림함 없음","TIME-14","pages/SessionPage.tsx","","",""
"ALERT-02","소리","선택적 소리·음소거","일시정지/종료 근처에서 사용자가 소리 켜기/끄기","음소거해도 토스트·사건 기록 유지","FE·BE","합의","부분 구현","세션 내 음소거/재생 실패 안내; 선호 영구 저장 미정","TIME-15","pages/SessionPage.tsx; lib/sound.ts","","",""
"PROFILE-01","프로필","정보 편집·취소","우측 하단 진입; 이름·나이·직업 별도 저장/취소","편집 취소 복원; 프로필 수정으로 기준/기록 삭제 안 됨","BE·FE","합의","부분 구현","로컬 저장·취소; 서버 사용자별 자료 미연결","입력 정책은 팀 협의","ServiceApp.tsx","","",""
"PROFILE-02","비밀번호","비밀번호 변경","현재/새/확인 입력을 통한 변경은 기본 설계안","본인 확인 실패·불일치 처리, 실제 성공만 완료 안내","BE·FE","협의 필요","미구현","서버 연결 필요 안내만 표시","인증 방식·복구 정책 미정","docs/team-requirements.md §4,7","","",""
"EXIT-01","탈퇴","학습 동의와 최종 확인 분리","선택적 학습 사용 동의 후 별도 탈퇴 확정","거절 클릭만으로 계정을 삭제하지 않음","BE·FE","합의","부분 구현","로컬 삭제 체험; 동의 보관 처리 미지원","TIME-16","ServiceApp.tsx","","",""
"EXIT-02","자료 삭제","거절 시 연결 자료 삭제","학습 거절 시 스켈레톤 포함 사용자 연결 자료 삭제 대상","동의 시 명시한 범위·목적·기간만 보관","데이터·BE","합의","미구현","로컬 프로필/요약 정리만; 서버 삭제·학습 보관 정책 없음","TIME-16; 다운로드한 CSV 별도","docs/team-requirements.md §4,7","","",""
"EXIT-03","탈퇴 결과","실제 처리 결과 안내","처리 중/실패/완료를 구분; 인증·카메라·로컬 정리","계정 폐쇄와 삭제 완료 시점 다르면 각각 안내","BE·FE","합의","부분 구현","로컬 정리/실패 안내; 실제 계정 탈퇴 아님","TIME-16","ServiceApp.tsx","","",""
"RESEARCH-01","연구 화면","서비스와 수집 분리","팀원 연구용 라벨 수집·CSV 내보내기 흐름 유지","연구용 숨김/제외 규칙을 서비스 변경으로 덮어쓰지 않음","모델·FE","합의","기반 구현","?research=1 진입; 기존 수집 화면 유지","연구 시간은 별도 프로토콜 참조","App.tsx; pages/CollectionPage.tsx","","",""