"ID","조건 이름","현재 값","단위/트리거","값의 확정 상태","관련 요구 ID","해석·미결정 사항","담당 역할","근거","담당자(입력)","수정 제안(입력)","최종 합의값(입력)"
"TIME-01","실제 기준 수집","5","초","현재 기반 채택","PREPARE-01","유효한 상체 입력으로 기준 수집; 매 측정 적용 범위는 협의","모델·FE","hooks/useCamera.ts","","",""
"TIME-02","기준 수집 최소 표본","20","개","기존 코드 기준","PREPARE-01","5초뿐 아니라 표본 조건 확인; 실제 기기 검증 필요","모델","hooks/useCamera.ts","","",""
"TIME-03","합성 시연 준비","3","초","시연 전용","PREPARE-01","실제 개인 기준5초와 다름; 실제 서비스 추가 보정 요구 아님","FE","pages/SetupPage.tsx","","",""
"TIME-04","이탈 확정 지속","3","초","기존 기본값","MEASURE-01; SETTINGS-01","병철씨5초는 개인 설정 예시; 모두의 기본값 아님","모델·FE","data/posture.ts","","",""
"TIME-05","재알림 간격","60","초","기존 기본값","SETTINGS-01; ALERT-01","병철씨30초는 개인 설정 예시","모델·FE","data/posture.ts","","",""
"TIME-06","정상 복귀 확인","2","초","기존 기본값","MEASURE-01; SETTINGS-01","일시정지·관측 불가 경계에서 연속시간 끊김","모델·FE","data/posture.ts","","",""
"TIME-07","변화 점수 임계값","0.7","비율(0~1)","기존 기본값","MEASURE-02; SETTINGS-01","화면 기준30점=100×(1−0.7); 화면 기준↑ 더 민감","모델·FE","data/posture.ts; lib/postureScore.ts","","",""
"TIME-08","서비스 입력/타이머 공백","1.5","초 초과","구현 임시값","SESSION-02; SESSION-03","초과 시 관측 공백 처리·수동 재개; 지원 브라우저 검증 필요","모델·FE","pages/SessionPage.tsx; hooks/useSession.ts","","",""
"TIME-09","중간 저장 간격","2","초 목표","구현 임시값","SESSION-04","로컬 저장 주기; 탭 지연/충돌 시2초 이내 손실 보장 아님","BE·FE","hooks/useSession.ts","","",""
"TIME-10","저장 자동 재시도","5","초 목표","구현 임시값","RESULT-01; RESULT-02","현재 횟수 제한 없음; 서버 재시도/백오프 정책 협의","BE·FE","ServiceApp.tsx","","",""
"TIME-11","홈·대시보드 갱신","저장 성공 직후","이벤트","합의","RESULT-03; RESULT-04","정기조회 없음; 최초/새로고침 조회; 저장 응답 또는1회 요약 조회","BE·FE","docs/team-requirements.md §6","","",""
"TIME-12","권한·연결·조회 대기 제한","미정","초","협의 필요","CAMERA-01; CAMERA-03; RESULT-04","준비 중 안내는 필요; 최대 대기/취소/재시도 기준 미확정","BE·FE","docs/team-requirements.md §7","","",""
"TIME-13","집계 날짜·자정 세션","미정","시간대/분할 정책","협의 필요","DASHBOARD-01","미리보기는 브라우저 날짜·종료일 기준 임시 집계","BE·FE","ServiceApp.tsx; docs/team-requirements.md §6","","",""
"TIME-14","교정 토스트 표시","3","초 약","합의","ALERT-01","사건/재알림 시 표시 후 자동 닫음; 정지 시 닫힘","FE","pages/SessionPage.tsx","","",""
"TIME-15","알림음 길이","0.22","초","구현 임시값","ALERT-02","현재660Hz 단음; 음량·종류·선호 유지 정책 미정","FE","lib/sound.ts","","",""
"TIME-16","탈퇴 삭제·학습 보관 기간","미정","기간","협의 필요","EXIT-01; EXIT-02; EXIT-03","계정 폐쇄/자료 삭제/학습 보관 완료 시점을 따로 정의","데이터·BE","docs/team-requirements.md §7","","",""